Date,Negative Score,Neutral Score,Positive Score,Compound Score,count
2018/1/3,0.208,3.422,0.37,3.7122,4
2018/1/4,0.198,1.611,0.192,0.7714,2
2018/1/5,0.039,0.853,0.107,0.93,1
2018/1/9,0.02,0.912,0.069,0.973,1
2018/1/10,0.033,1.863,0.104,0.9957,2
2018/1/12,0.114,1.793,0.093,-0.0364,2
2018/1/14,0.045,0.858,0.097,0.9947,1
2018/1/16,0.057,1.703,0.24,1.9862,2
2018/1/19,0.022,0.896,0.081,0.9958,1
2018/1/23,0.092,2.527,0.382,2.9878,3
2018/1/24,0.101,1.734,0.166,1.7624,2
2018/1/25,0.094,2.833,0.073,-0.7821,3
2018/1/27,0.016,0.914,0.07,0.9902,1
2018/1/29,0.004,0.955,0.041,0.9201,1
2018/1/30,0.115,2.632,0.253,2.9716,3
2018/1/31,0.037,0.906,0.056,0.9728,1
2018/2/1,0.098,2.666,0.236,2.774,3
2018/2/2,0.089,1.697,0.214,1.9961,2
2018/2/4,0.035,0.884,0.08,0.9957,1
2018/2/6,0.084,2.679,0.237,2.9669,3
2018/2/7,0.225,3.428,0.348,3.3638,4
2018/2/8,0.192,4.345,0.461,4.9132,5
2018/2/9,0.016,0.846,0.138,0.993,1
2018/2/11,0.016,0.946,0.038,0.9911,1
2018/2/12,0.081,1.755,0.164,1.9886,2
2018/2/22,0.097,2.674,0.231,1.9389,3
2018/2/23,0.028,0.889,0.082,0.9959,1
2018/2/25,0.123,0.752,0.125,0.3587,1
2018/2/26,0.057,1.789,0.154,1.948,2
2018/3/1,0.028,0.861,0.111,0.9898,1
2018/3/2,0.021,0.902,0.077,0.9887,1
2018/3/4,0.039,0.868,0.093,0.999,1
2018/3/6,0.053,0.866,0.081,0.9403,1
2018/3/7,0.071,1.748,0.181,1.9809,2
2018/3/8,0.031,0.912,0.057,0.9224,1
2018/3/9,0.046,0.885,0.069,0.9759,1
2018/3/10,0.064,0.833,0.103,0.9889,1
2018/3/12,0.046,0.863,0.091,0.9912,1
2018/3/13,0.09,2.745,0.164,1.9169,3
2018/3/14,0.204,3.589,0.206,0.6984,4
2018/3/16,0.183,2.573,0.244,2.5415,3
2018/3/18,0.016,0.899,0.085,0.9972,1
2018/3/19,0.054,1.785,0.16,1.9875,2
2018/3/20,0.117,0.804,0.078,-0.9964,1
2018/3/21,0.03,0.899,0.071,0.9904,1
2018/3/22,0.198,2.549,0.253,-0.9826,3
2018/3/23,0.032,0.875,0.092,0.9937,1
2018/3/24,0.03,0.897,0.073,0.9845,1
2018/3/26,0.026,0.923,0.051,0.9732,1
2018/3/27,0.2,3.511,0.291,1.8022,4
2018/3/28,0.717,8.518,0.764,1.5632,10
2018/3/29,0.343,6.015,0.641,4.9861,7
2018/3/30,0.113,1.635,0.251,1.9726,2
2018/3/31,0.202,1.65,0.148,-1.5236,2
2018/4/2,0.548,4.965,0.485,-0.615,6
2018/4/3,0.371,5.064,0.564,3.9733,6
2018/4/4,0.386,5.983,0.632,3.1425,7
2018/4/5,0.242,1.636,0.122,-1.8416,2
2018/4/6,0.135,1.735,0.129,-0.0849,2
2018/4/8,0.07,1.827,0.104,0.355,2
2018/4/9,0.045,0.903,0.053,0.9268,1
2018/4/10,0.065,1.748,0.187,1.7387,2
2018/4/11,0.127,0.825,0.048,-0.996,1
2018/4/12,0.274,1.406,0.321,-0.0016,2
2018/4/13,0.321,5.24,0.439,1.8276,6
2018/4/15,0.154,1.559,0.288,1.9819,2
2018/4/16,0.05,0.87,0.08,0.9825,1
2018/4/17,0.148,3.492,0.36,3.0908,4
2018/4/18,0.097,1.729,0.174,1.7848,2
2018/4/19,0.038,1.87,0.092,1.7504,2
2018/4/20,0.027,0.921,0.052,0.925,1
2018/4/21,0.019,0.92,0.061,0.982,1
2018/4/24,0.077,0.84,0.083,0.9209,1
2018/4/25,0.164,3.488,0.35,3.8498,4
2018/4/26,0.1,2.67,0.23,1.2811,3
2018/4/27,0.071,0.818,0.111,0.9901,1
2018/4/30,0.037,0.854,0.109,0.9994,1
2018/5/1,0.134,1.742,0.124,-1.2572,2
2018/5/2,0.5,6.79,0.708,3.5665,8
2018/5/3,0.493,6.943,0.563,0.3003,8
2018/5/5,0.102,0.868,0.031,-0.8591,1
2018/5/7,0.204,2.523,0.273,2.1813,3
2018/5/8,0.099,0.817,0.084,-0.6936,1
2018/5/9,0.092,1.747,0.162,0.1791,2
2018/5/10,0.224,2.512,0.264,0.9888,3
2018/5/11,0.013,0.909,0.078,0.9936,1
2018/5/12,0.135,2.611,0.254,1.0933,3
2018/5/13,0.239,2.461,0.3,2.2037,3
2018/5/14,0.207,3.447,0.347,3.7912,4
2018/5/15,0.275,4.228,0.497,3.9033,5
2018/5/16,0.175,1.698,0.127,-0.4015,2
2018/5/17,0.038,0.925,0.036,-0.7958,1
2018/5/18,0.102,1.652,0.246,1.965,2
2018/5/21,0.027,0.914,0.059,0.9581,1
2018/5/22,0.129,1.734,0.137,1.1142,2
2018/5/23,0.066,0.863,0.071,0.3971,1
2018/5/25,0.043,0.885,0.072,0.9971,1
2018/5/29,0.024,0.894,0.082,0.9872,1
2018/5/30,0.047,0.847,0.106,0.9885,1
2018/5/31,0.184,1.607,0.211,-0.0086,2
2018/6/1,0.147,1.684,0.169,0.0053,2
2018/6/5,0.079,0.859,0.062,-0.9736,1
2018/6/6,0.08,1.748,0.172,1.158,2
2018/6/7,0.21,2.567,0.223,0.9244,3
2018/6/8,0.207,2.418,0.374,1.6053,3
2018/6/13,0.057,0.846,0.097,0.9628,1
2018/6/14,0.028,0.918,0.054,0.8481,1
2018/6/15,0.097,1.794,0.11,0.0378,2
2018/6/17,0.143,0.792,0.066,-0.9887,1
2018/6/19,0.251,3.462,0.288,1.9132,4
2018/6/20,0.185,1.676,0.139,-0.0975,2
2018/6/21,0.121,2.635,0.244,0.9181,3
2018/6/22,0.07,1.695,0.234,1.9924,2
2018/6/23,0.013,0.886,0.102,0.9967,1
2018/6/26,0.116,0.851,0.033,-0.988,1
2018/6/27,0.326,4.292,0.383,0.7341,5
2018/6/28,0.133,1.697,0.17,1.9573,2
2018/6/29,0.021,1.839,0.139,1.9722,2
2018/7/1,0.173,2.629,0.198,0.6993,3
2018/7/2,0.315,5.125,0.559,3.7861,6
2018/7/3,0.152,1.702,0.146,0.2306,2
2018/7/5,0.058,0.844,0.097,0.9983,1
2018/7/6,0.106,1.741,0.153,0.0603,2
2018/7/9,0.061,0.889,0.05,-0.4118,1
2018/7/10,0.082,1.773,0.144,1.9737,2
2018/7/11,0.032,0.835,0.133,0.9481,1
2018/7/13,0.116,1.711,0.173,1.9178,2
2018/7/16,0.097,0.82,0.083,-0.3553,1
2018/7/18,0.069,0.859,0.072,0.315,1
2018/7/19,0.074,1.831,0.095,0.4273,2
2018/7/23,0.227,3.296,0.477,3.7726,4
2018/7/24,0.018,0.932,0.049,0.9463,1
2018/7/27,0.065,0.813,0.121,0.9932,1
2018/7/28,0.046,0.844,0.11,0.9973,1
2018/7/30,0.01,0.958,0.032,0.8941,1
2018/7/31,0.064,0.865,0.072,0.4767,1
2018/8/1,0.092,2.611,0.297,2.9741,3
2018/8/2,0.181,3.339,0.479,3.9151,4
2018/8/3,0.08,1.756,0.164,1.9495,2
2018/8/7,0.259,4.277,0.463,2.8159,5
2018/8/8,0.417,8.713,0.87,8.6432,10
2018/8/9,0.163,4.457,0.38,3.7959,5
2018/8/10,0.294,4.214,0.493,4.0386,5
2018/8/11,0.13,0.772,0.098,-0.7615,1
2018/8/12,0.034,0.91,0.056,0.925,1
2018/8/13,0.18,4.598,0.221,1.0223,5
2018/8/14,0.431,6.902,0.667,2.5878,8
2018/8/15,0.169,5.447,0.386,4.2027,6
2018/8/16,0.147,4.475,0.377,3.4224,5
2018/8/17,0.35,4.245,0.404,2.5965,5
2018/8/20,0.204,3.377,0.419,3.9377,4
2018/8/21,0.267,3.383,0.351,1.0629,4
2018/8/22,0.076,0.822,0.103,0.9782,1
2018/8/24,0.311,3.356,0.333,1.1514,4
2018/8/25,0.025,0.848,0.127,0.999,1
2018/8/27,0.151,1.651,0.198,0.1075,2
2018/8/28,0.188,2.504,0.308,2.8317,3
2018/8/29,0.207,2.557,0.237,0.9081,3
2018/8/30,0.033,1.795,0.172,1.978,2
2018/8/31,0.06,0.849,0.091,0.9986,1
2018/9/4,0.035,0.864,0.101,0.926,1
2018/9/6,0.11,2.667,0.223,2.8418,3
2018/9/7,0.206,3.536,0.258,1.5843,4
2018/9/8,0.125,2.625,0.25,2.6047,3
2018/9/9,0.05,1.658,0.291,1.8561,2
2018/9/10,0.05,0.856,0.094,0.9501,1
2018/9/12,0.141,2.599,0.261,2.8048,3
2018/9/13,0.061,1.762,0.178,1.9543,2
2018/9/14,0.187,3.425,0.388,3.9411,4
2018/9/16,0.032,0.876,0.092,0.9933,1
2018/9/17,0.071,0.825,0.104,0.9815,1
2018/9/18,0.069,1.762,0.169,1.9849,2
2018/9/19,0.055,2.703,0.242,1.9465,3
2018/9/20,0.164,1.598,0.238,0.2493,2
2018/9/21,0.15,3.368,0.481,3.8561,4
2018/9/23,0.13,1.648,0.222,1.8669,2
2018/9/24,0.149,1.736,0.115,-0.1109,2
2018/9/26,0.089,0.831,0.08,-0.94,1
2018/9/27,0.039,0.855,0.106,0.9734,1
2018/9/28,0.669,9.363,0.969,5.4592,11
2018/9/29,0.11,1.611,0.279,1.9297,2
2018/9/30,0.167,2.503,0.331,2.7037,3
2018/10/1,0.356,6.122,0.52,2.3367,7
2018/10/2,0.068,1.787,0.146,1.489,2
2018/10/3,0.116,1.764,0.12,0.1666,2
2018/10/4,0.095,1.728,0.176,0.1912,2
2018/10/5,0.247,3.514,0.239,-0.2158,4
2018/10/9,0.087,0.869,0.045,-0.9477,1
2018/10/11,0.106,0.829,0.064,-0.9724,1
2018/10/12,0.023,0.89,0.087,0.9408,1
2018/10/14,0.05,0.826,0.124,0.9967,1
2018/10/15,0.091,2.603,0.306,2.7787,3
2018/10/16,0.032,0.886,0.082,0.9545,1
2018/10/17,0.14,4.523,0.336,3.9019,5
2018/10/18,0.07,1.769,0.16,1.9163,2
2018/10/19,0.097,1.699,0.204,1.104,2
2018/10/20,0.023,0.888,0.089,0.999,1
2018/10/22,0.062,2.665,0.274,2.8945,3
2018/10/23,0.099,2.553,0.348,2.9785,3
2018/10/24,0.243,4.239,0.518,4.9506,5
2018/10/25,0.242,4.331,0.427,2.4155,5
2018/10/26,0.028,0.92,0.052,0.9552,1
2018/10/27,0.105,0.827,0.068,-0.6486,1
2018/10/30,0.185,3.46,0.355,3.0663,4
2018/10/31,0.059,1.783,0.159,1.8558,2
2018/11/1,0.19,3.493,0.318,1.9816,4
2018/11/2,0.109,2.709,0.18,0.3205,3
2018/11/3,0.107,1.707,0.186,1.947,2
2018/11/4,0.043,0.858,0.098,0.993,1
2018/11/5,0.055,0.785,0.16,0.9972,1
2018/11/6,0.071,0.845,0.083,0.9074,1
2018/11/8,0.085,1.728,0.186,1.9722,2
2018/11/9,0.226,3.418,0.359,1.8116,4
2018/11/11,0.066,0.829,0.105,0.9868,1
2018/11/12,0.186,1.623,0.191,-0.5301,2
2018/11/13,0.03,0.89,0.08,0.989,1
2018/11/14,0.062,1.72,0.219,1.9894,2
2018/11/16,0.053,1.774,0.174,1.9415,2
2018/11/18,0.048,0.876,0.076,0.9965,1
2018/11/20,0.015,1.883,0.102,1.8662,2
2018/11/21,0.115,1.724,0.16,0.9024,2
2018/11/24,0.062,0.867,0.071,0.7624,1
2018/11/25,0.042,0.865,0.093,0.9965,1
2018/11/26,0.087,1.79,0.124,1.928,2
2018/11/27,0.159,2.607,0.234,1.0074,3
2018/11/28,0.065,0.858,0.077,0.9696,1
2018/11/29,0.059,0.759,0.183,0.9994,1
2018/11/30,0.035,0.849,0.115,0.9951,1
2018/12/3,0.075,1.787,0.138,1.716,2
2018/12/5,0.06,0.824,0.116,0.9945,1
2018/12/9,0.123,1.589,0.288,0.3576,2
2018/12/10,0.157,2.583,0.26,1.1786,3
2018/12/11,0.084,0.8,0.116,0.9498,1
2018/12/14,0.148,2.573,0.277,2.8316,3
2018/12/17,0.051,0.898,0.05,0.0539,1
2018/12/18,0.09,1.747,0.162,1.9514,2
2018/12/19,0.035,0.918,0.047,0.6956,1
2018/12/20,0.078,0.803,0.119,0.9797,1
2018/12/24,0.072,0.781,0.147,0.9987,1
2018/12/25,0.032,0.94,0.028,-0.3911,1
2018/12/26,0.112,1.726,0.163,1.1847,2
2018/12/27,0.081,0.829,0.09,0.4221,1
2018/12/28,0.104,3.553,0.344,3.8834,4
2018/12/29,0.05,0.849,0.1,0.8657,1
2018/12/30,0.064,1.822,0.113,1.8209,2
2018/12/31,0.103,0.82,0.077,-0.9835,1
2019/1/1,0.055,0.854,0.092,0.9859,1
2019/1/2,0.142,1.695,0.161,0.2375,2
2019/1/3,0.094,1.685,0.221,1.9559,2
2019/1/4,0.126,0.801,0.074,-0.9939,1
2019/1/6,0.053,1.724,0.224,1.9882,2
2019/1/7,0.056,0.898,0.046,-0.7855,1
2019/1/13,0.067,0.834,0.1,0.9849,1
2019/1/14,0.076,1.693,0.231,1.9747,2
2019/1/15,0.061,0.877,0.063,0.7407,1
2019/1/17,0.213,2.531,0.256,1.0508,3
2019/1/18,0.173,2.59,0.238,2.1627,3
2019/1/19,0.054,0.864,0.082,0.7096,1
2019/1/23,0.074,0.848,0.079,0.718,1
2019/1/24,0.034,0.881,0.084,0.991,1
2019/1/25,0.066,0.818,0.116,0.9972,1
2019/1/30,0.122,3.54,0.337,3.8276,4
2019/1/31,0.31,6.038,0.652,6.7765,7
2019/2/2,0.039,0.828,0.133,0.9982,1
2019/2/5,0.053,0.86,0.087,0.9909,1
2019/2/6,0.03,0.885,0.085,0.9766,1
2019/2/7,0.125,3.48,0.396,3.8347,4
2019/2/11,0.041,0.87,0.089,0.9955,1
2019/2/12,0.034,1.825,0.142,1.9638,2
2019/2/14,0.072,1.774,0.154,1.0878,2
2019/2/15,0.089,2.616,0.296,2.7826,3
2019/2/18,0.035,1.795,0.17,1.99,2
2019/2/19,0.072,0.793,0.135,0.9903,1
2019/2/20,0.09,2.655,0.256,2.6612,3
2019/2/21,0.144,1.673,0.184,0.4921,2
2019/2/22,0.051,1.768,0.181,1.9774,2
2019/2/26,0.252,4.382,0.366,2.9888,5
2019/2/27,0.203,2.596,0.201,-1.3479,3
2019/3/1,0.359,7.007,0.633,7.4159,8
2019/3/2,0.035,0.823,0.142,0.9604,1
2019/3/3,0.03,0.907,0.062,0.9869,1
2019/3/6,0.066,0.889,0.046,-0.9082,1
2019/3/8,0.084,1.764,0.152,1.2644,2
2019/3/9,0.034,0.81,0.155,0.9584,1
2019/3/11,0.14,2.693,0.166,0.8825,3
2019/3/12,0.432,4.224,0.346,-2.5947,5
2019/3/13,0.081,1.792,0.127,0.1241,2
2019/3/14,0.067,1.782,0.151,0.6574,2
2019/3/15,0.065,1.819,0.116,1.6528,2
2019/3/19,0.02,0.873,0.107,0.9991,1
2019/3/20,0.072,1.775,0.152,1.9758,2
2019/3/21,0.082,0.799,0.119,0.9484,1
2019/3/22,0.291,2.502,0.207,-2.0533,3
2019/3/23,0.069,0.872,0.058,-0.3182,1
2019/3/25,0.062,0.86,0.078,0.9951,1
2019/3/27,0.044,0.865,0.092,0.9901,1
2019/3/28,0.103,1.737,0.16,0.7382,2
2019/4/1,0.059,2.717,0.225,2.9278,3
2019/4/3,0.055,0.874,0.071,0.5346,1
2019/4/4,0.37,6.131,0.498,1.5126,7
2019/4/5,0.188,2.609,0.204,-0.6812,3
2019/4/8,0.184,3.45,0.365,3.8191,4
2019/4/9,0.077,0.837,0.086,0.7066,1
2019/4/12,0.126,1.726,0.149,0.6839,2
2019/4/16,0.04,0.898,0.062,0.9792,1
2019/4/17,0.091,0.858,0.051,-0.9925,1
2019/4/18,0.059,0.854,0.086,0.9231,1
2019/4/19,0.124,0.788,0.088,-0.9958,1
2019/4/20,0.107,2.669,0.224,2.7845,3
2019/4/21,0.034,0.882,0.084,0.9943,1
2019/4/22,0.092,0.824,0.084,-0.3578,1
2019/4/23,0.246,4.28,0.474,4.2191,5
2019/4/24,0.234,3.467,0.298,2.2797,4
2019/4/25,0.127,3.478,0.394,3.9315,4
2019/4/26,0.227,2.527,0.246,-0.8604,3
2019/4/27,0.081,0.814,0.105,0.4767,1
2019/4/29,0.156,2.552,0.292,2.7445,3
2019/5/1,0.196,2.466,0.338,1.4382,3
2019/5/2,0.179,3.378,0.443,3.9673,4
2019/5/3,0.212,4.291,0.496,4.9318,5
2019/5/4,0.09,0.78,0.131,0.8271,1
2019/5/5,0.044,0.9,0.057,0.1531,1
2019/5/7,0.227,3.484,0.29,1.6942,4
2019/5/8,0.062,1.799,0.139,1.9582,2
2019/5/9,0.217,2.494,0.288,-0.6281,3
2019/5/10,0.062,0.888,0.05,-0.9894,1
2019/5/13,0.043,0.875,0.082,0.9759,1
2019/5/16,0.26,3.396,0.346,1.5457,4
2019/5/17,0.026,0.879,0.095,0.9945,1
2019/5/20,0.198,3.399,0.403,3.0298,4
2019/5/21,0.314,5.235,0.451,1.9699,6
2019/5/22,0.028,0.874,0.098,0.9812,1
2019/5/23,0.161,1.683,0.156,-0.114,2
2019/5/24,0.058,0.823,0.119,0.9992,1
2019/5/26,0.077,1.699,0.223,1.9938,2
2019/5/27,0.061,0.85,0.09,0.9105,1
2019/5/28,0.11,0.79,0.1,-0.7817,1
2019/5/29,0.109,3.381,0.51,3.9864,4
2019/5/31,0.255,3.518,0.228,-0.5216,4
2019/6/1,0.14,0.743,0.117,-0.5994,1
2019/6/3,0.067,1.731,0.202,1.9094,2
2019/6/4,0.057,0.855,0.087,0.8271,1
2019/6/5,0.049,0.901,0.05,0.7703,1
2019/6/7,0.052,0.821,0.127,0.9982,1
2019/6/8,0.038,0.884,0.078,0.9936,1
2019/6/9,0.037,0.843,0.12,0.991,1
2019/6/12,0.277,4.298,0.424,2.5767,5
2019/6/13,0.094,1.778,0.129,1.8532,2
2019/6/14,0.016,0.878,0.106,0.9844,1
2019/6/15,0.006,0.882,0.113,0.9971,1
2019/6/16,0.15,1.62,0.23,0.127,2
2019/6/18,0.046,1.773,0.181,1.9919,2
2019/6/20,0.025,0.871,0.103,0.9964,1
2019/6/21,0.055,0.889,0.056,0.6701,1
2019/6/29,0.03,0.835,0.134,0.9956,1
2019/7/2,0.046,0.836,0.118,0.9977,1
2019/7/3,0.285,4.318,0.395,1.6438,5
2019/7/4,0.025,0.857,0.118,0.9991,1
2019/7/7,0.143,1.678,0.179,1.8352,2
2019/7/10,0.019,0.895,0.086,0.9942,1
2019/7/15,0.066,0.865,0.069,-0.1582,1
2019/7/16,0.136,2.648,0.216,1.0431,3
2019/7/18,0.156,1.672,0.172,1.3115,2
2019/7/21,0.048,0.834,0.118,0.9971,1
2019/7/24,0.123,1.635,0.242,1.9524,2
2019/7/25,0.513,7.641,0.845,7.4225,9
2019/7/26,0.054,0.821,0.125,0.9961,1
2019/7/28,0.042,0.874,0.083,0.9915,1
2019/7/29,0.056,0.91,0.034,-0.7708,1
2019/8/2,0.007,0.85,0.143,0.9944,1
2019/8/6,0.048,1.709,0.243,1.9925,2
2019/8/7,0.048,0.892,0.06,0.4767,1
2019/8/13,0.057,0.882,0.061,0.5105,1
2019/8/16,0.029,0.88,0.091,0.9938,1
2019/8/17,0.089,0.88,0.031,-0.7964,1
2019/8/19,0.035,0.915,0.05,0.627,1
2019/8/20,0.059,0.881,0.061,-0.0258,1
2019/8/21,0.225,2.457,0.317,0.9598,3
2019/8/22,0.055,0.894,0.051,-0.8126,1
2019/8/23,0.305,2.513,0.183,-2.9688,3
2019/8/26,0.013,0.949,0.038,0.886,1
2019/8/27,0.132,1.69,0.178,1.703,2
2019/8/30,0.047,0.886,0.067,0.9457,1
2019/9/2,0.056,0.853,0.091,0.9727,1
2019/9/3,0.086,0.831,0.083,-0.3996,1
2019/9/6,0.092,0.747,0.161,0.9571,1
2019/9/9,0.039,0.871,0.09,0.846,1
2019/9/10,0,0.946,0.054,0.9834,1
2019/9/11,0.045,0.895,0.06,0.9276,1
2019/9/12,0.02,0.88,0.1,0.9947,1
2019/9/13,0.065,0.794,0.141,0.9903,1
2019/9/14,0.129,1.615,0.256,1.9912,2
2019/9/15,0.096,0.794,0.11,0.8512,1
2019/9/18,0.042,0.834,0.124,0.9948,1
2019/9/25,0.198,2.625,0.177,-0.7975,3
2019/9/26,0.063,0.844,0.093,0.9835,1
2019/9/27,0.041,0.888,0.071,0.995,1
2019/9/28,0.028,0.865,0.107,0.9852,1
2019/9/29,0.058,0.884,0.058,0.7955,1
2019/9/30,0.053,0.871,0.076,0.959,1
2019/10/2,0.061,0.843,0.096,0.9879,1
2019/10/3,0.238,3.411,0.353,1.9352,4
2019/10/4,0.134,1.68,0.185,-0.0311,2
2019/10/5,0.045,0.865,0.09,0.9985,1
2019/10/8,0.044,0.864,0.092,0.9991,1
2019/10/10,0.009,0.928,0.063,0.9581,1
2019/10/11,0.106,1.714,0.18,1.9545,2
2019/10/13,0.05,0.799,0.151,0.9996,1
2019/10/14,0.076,0.832,0.092,0.9464,1
2019/10/18,0.105,1.718,0.177,1.976,2
2019/10/22,0.064,0.883,0.053,-0.6369,1
2019/10/23,0.026,0.928,0.046,0.7311,1
2019/10/24,0.179,3.431,0.389,3.8699,4
2019/10/25,0.029,0.811,0.16,0.9981,1
2019/10/26,0.05,0.866,0.084,0.9959,1
2019/10/29,0.095,0.767,0.138,0.993,1
2019/11/1,0.075,0.84,0.085,0.8887,1
2019/11/3,0.038,0.873,0.089,0.9989,1
2019/11/5,0.124,0.813,0.063,-0.9949,1
2019/11/6,0.049,0.867,0.084,0.6003,1
2019/11/7,0.089,3.6,0.311,3.9442,4
2019/11/8,0.061,0.848,0.091,0.99,1
2019/11/12,0.003,0.931,0.066,0.9801,1
2019/11/14,0.133,2.634,0.233,2.3519,3
2019/11/18,0.094,2.691,0.214,2.7247,3
2019/11/20,0.032,0.857,0.111,0.968,1
2019/11/22,0.267,4.219,0.515,3.1121,5
2019/11/23,0.073,0.811,0.116,0.8463,1
2019/11/24,0.068,0.781,0.15,0.9981,1
2019/11/25,0.029,0.903,0.069,0.9899,1
2019/11/26,0.038,1.775,0.187,1.9852,2
2019/11/28,0.042,0.919,0.039,-0.1901,1
2019/11/29,0.046,0.852,0.102,0.9954,1
2019/11/30,0.048,0.86,0.091,0.9953,1
2019/12/2,0.104,1.687,0.209,1.9581,2
2019/12/3,0.058,0.87,0.073,0.8882,1
2019/12/5,0.024,1.917,0.059,1.5188,2
2019/12/6,0.082,1.736,0.182,1.9881,2
2019/12/7,0.185,1.657,0.157,-0.9365,2
2019/12/8,0.074,1.732,0.193,1.9545,2
2019/12/9,0.032,0.897,0.071,0.9972,1
2019/12/11,0.012,0.892,0.096,0.997,1
2019/12/15,0.049,0.898,0.053,0.392,1
2019/12/17,0.01,0.926,0.064,0.9839,1
2019/12/19,0.103,1.672,0.224,1.2531,2
2019/12/20,0.056,0.796,0.148,0.9985,1
2019/12/21,0.055,1.808,0.137,1.9662,2
2019/12/23,0.123,3.453,0.424,3.8639,4
2019/12/24,0.155,3.506,0.34,3.1632,4
2019/12/25,0.03,0.896,0.075,0.968,1
2019/12/26,0.03,0.856,0.114,0.9924,1
2019/12/27,0.169,2.487,0.344,0.9809,3
2019/12/29,0.08,0.806,0.114,0.9852,1
2019/12/30,0.112,2.667,0.222,1.7149,3
2019/12/31,0.092,2.625,0.282,2.5779,3
2020/1/1,0.033,0.827,0.14,0.9928,1
2020/1/2,0.172,2.481,0.349,2.864,3
2020/1/3,0.169,2.538,0.293,2.9661,3
2020/1/4,0.078,1.77,0.153,1.5362,2
2020/1/6,0.026,0.86,0.114,0.9994,1
2020/1/7,0.206,3.501,0.293,2.2332,4
2020/1/8,0.216,3.461,0.321,2.0663,4
2020/1/9,0.259,3.357,0.383,2.053,4
2020/1/10,0.033,0.889,0.078,0.992,1
2020/1/11,0.074,1.748,0.178,1.9775,2
2020/1/13,0.206,3.515,0.279,3.0102,4
2020/1/16,0.084,1.648,0.268,1.9919,2
2020/1/17,0.136,1.697,0.168,0.062,2
2020/1/20,0.114,1.706,0.181,1.9502,2
2020/1/21,0.201,2.488,0.31,2.5143,3
2020/1/22,0.116,3.611,0.274,3.483,4
2020/1/23,0.115,1.617,0.267,1.959,2
2020/1/24,0.051,0.828,0.121,0.9971,1
2020/1/26,0.042,0.869,0.089,0.995,1
2020/1/28,0.051,1.755,0.194,1.982,2
2020/1/29,0.169,3.539,0.292,2.2345,4
2020/1/30,0.298,5.115,0.586,3.741,6
2020/1/31,0.203,3.543,0.255,0.0469,4
2020/2/3,0.151,2.641,0.208,0.7715,3
2020/2/4,0.236,3.415,0.35,3.6186,4
2020/2/5,0.319,4.291,0.39,1.0074,5
2020/2/6,0.21,4.227,0.564,4.2226,5
2020/2/7,0.109,2.687,0.204,1.1406,3
2020/2/10,0.059,1.737,0.203,1.9755,2
2020/2/11,0.055,1.772,0.174,1.9802,2
2020/2/12,0.014,0.941,0.046,0.8777,1
2020/2/13,0.072,1.718,0.21,1.9812,2
2020/2/14,0.14,1.676,0.185,0.5318,2
2020/2/15,0.054,0.825,0.121,0.9988,1
2020/2/17,0.094,1.76,0.147,1.9497,2
2020/2/18,0.098,1.643,0.259,1.9892,2
2020/2/19,0.099,0.764,0.137,0.9919,1
2020/2/20,0,0.865,0.135,0.9946,1
2020/2/21,0.024,0.898,0.078,0.9945,1
2020/2/23,0.058,0.856,0.086,0.9773,1
2020/2/25,0.119,0.823,0.058,-0.9979,1
2020/2/26,0.13,1.678,0.193,1.6951,2
2020/2/28,0.239,2.591,0.169,-0.8418,3
2020/3/1,0.019,0.917,0.065,0.9942,1
2020/3/2,0.074,0.839,0.088,0.515,1
2020/3/3,0.109,2.686,0.205,2.2012,3
2020/3/4,0.019,0.934,0.048,0.9555,1
2020/3/6,0.107,2.564,0.328,2.985,3
2020/3/7,0.032,1.788,0.18,1.9861,2
2020/3/12,0.016,0.866,0.117,0.9993,1
2020/3/16,0.065,0.886,0.049,-0.8125,1
2020/3/17,0.187,1.675,0.138,-1.9767,2
2020/3/18,0.355,4.291,0.355,-0.2987,5
2020/3/19,0.094,1.816,0.09,0.0585,2
2020/3/20,0.128,1.687,0.185,1.5178,2
2020/3/22,0.07,0.822,0.108,0.9896,1
2020/3/23,0.063,0.871,0.066,0.8654,1
2020/3/24,0.082,1.791,0.127,1.668,2
2020/3/28,0.127,2.654,0.22,2.753,3
2020/3/30,0.07,1.806,0.124,1.9627,2
2020/4/2,0.072,0.868,0.061,-0.8399,1
2020/4/3,0.097,1.757,0.146,1.5078,2
2020/4/4,0.051,0.812,0.136,0.999,1
2020/4/5,0.104,1.708,0.188,0.0327,2
2020/4/6,0.026,0.892,0.082,0.9847,1
2020/4/8,0.055,0.902,0.043,0.0258,1
2020/4/9,0.224,2.64,0.134,-2.7113,3
2020/4/10,0.084,1.749,0.167,1.9877,2
2020/4/14,0.285,3.413,0.303,0.4454,4
2020/4/17,0.159,2.56,0.282,2.8341,3
2020/4/20,0.048,0.836,0.116,0.9975,1
2020/4/22,0.037,0.912,0.05,0.0118,1
2020/4/24,0.104,1.777,0.12,0.0416,2
2020/4/25,0.101,1.706,0.193,1.9906,2
2020/4/26,0.104,0.866,0.03,-0.9902,1
2020/4/28,0.183,2.548,0.27,0.9894,3
2020/4/29,0.073,0.902,0.025,-0.993,1
2020/4/30,0.289,3.296,0.416,3.3508,4
2020/5/1,0.196,2.553,0.25,1.7352,3
2020/5/2,0.099,0.808,0.093,-0.3612,1
2020/5/3,0.045,0.853,0.102,0.9974,1
2020/5/4,0.081,0.848,0.07,-0.7724,1
2020/5/8,0.116,1.676,0.209,1.9944,2
2020/5/10,0.075,0.83,0.095,0.9917,1
2020/5/11,0.225,2.579,0.196,0.0777,3
2020/5/12,0.152,1.72,0.127,-0.3504,2
2020/5/13,0.308,4.434,0.258,-2.2174,5
2020/5/14,0.075,1.676,0.249,1.9341,2
2020/5/15,0.143,1.749,0.107,-1.306,2
2020/5/16,0.035,0.872,0.093,0.9899,1
2020/5/18,0.035,0.836,0.128,0.999,1
2020/5/19,0.051,0.862,0.087,0.9924,1
2020/5/20,0.084,3.656,0.259,3.8258,4
2020/5/21,0.028,0.901,0.072,0.9961,1
2020/5/22,0.1,0.847,0.053,-0.9834,1
2020/5/26,0.058,0.855,0.087,0.9863,1
2020/5/27,0.059,1.749,0.193,1.9926,2
2020/5/29,0.065,1.712,0.225,1.9916,2
2020/5/31,0.046,1.788,0.166,1.9964,2
2020/6/5,0.192,2.602,0.207,-0.5725,3
2020/6/7,0.028,0.858,0.113,0.9987,1
2020/6/8,0.117,0.812,0.071,-0.9899,1
2020/6/9,0.108,1.736,0.156,0.0335,2
2020/6/10,0.093,2.716,0.191,2.8975,3
2020/6/11,0.117,1.683,0.199,1.6299,2
2020/6/12,0.047,1.84,0.113,1.9442,2
2020/6/14,0.108,1.739,0.153,1.9495,2
2020/6/15,0.055,0.88,0.066,0.6012,1
2020/6/16,0.045,0.88,0.075,0.9742,1
2020/6/17,0.258,2.543,0.197,-1.4676,3
2020/6/18,0.071,0.828,0.101,0.5849,1
2020/6/19,0.011,0.96,0.029,0.7096,1
2020/6/20,0.131,1.672,0.197,1.9546,2
2020/6/21,0.091,1.704,0.206,1.9739,2
2020/6/23,0.049,0.888,0.063,0.9311,1
2020/6/24,0.044,0.807,0.149,0.9966,1
2020/6/25,0.034,0.862,0.104,0.9961,1
2020/6/26,0.072,2.584,0.345,2.9768,3
2020/7/1,0.016,0.921,0.063,0.9788,1
2020/7/2,0.117,2.611,0.272,2.9726,3
2020/7/3,0.078,0.823,0.099,0.706,1
2020/7/6,0.08,0.761,0.158,0.9995,1
2020/7/7,0.15,4.455,0.393,3.5184,5
2020/7/10,0.1,2.643,0.258,2.5947,3
2020/7/13,0.022,0.879,0.099,0.9896,1
2020/7/14,0.064,0.832,0.104,0.9645,1
2020/7/15,0.15,3.531,0.318,3.8592,4
2020/7/16,0.178,1.638,0.183,-0.5255,2
2020/7/17,0.049,0.866,0.085,0.9911,1
2020/7/19,0.202,3.412,0.386,3.9531,4
2020/7/20,0.267,2.535,0.198,0.7304,3
2020/7/21,0.054,0.851,0.095,0.9904,1
2020/7/22,0.146,3.477,0.376,3.9011,4
2020/7/23,0.219,3.379,0.402,3.9118,4
2020/7/24,0.061,0.856,0.083,0.9545,1
2020/7/25,0.059,0.788,0.152,0.9987,1
2020/7/26,0.079,1.849,0.072,0.0351,2
2020/7/27,0.017,0.904,0.079,0.99,1
2020/7/28,0.041,0.89,0.069,0.9062,1
2020/7/29,0.049,0.885,0.066,0.9174,1
2020/7/30,0.062,0.876,0.062,-0.7058,1
2020/7/31,0.133,1.681,0.186,0.1894,2
2020/8/3,0.023,0.906,0.071,0.9905,1
2020/8/4,0.095,0.749,0.156,0.9953,1
2020/8/5,0.154,1.646,0.2,1.835,2
2020/8/6,0.205,5.01,0.785,5.9823,6
2020/8/7,0.143,2.583,0.275,2.9893,3
2020/8/9,0.009,0.873,0.118,0.999,1
2020/8/10,0.074,1.763,0.164,1.9412,2
2020/8/11,0.061,1.788,0.151,1.9307,2
2020/8/12,0.137,1.719,0.143,0.0728,2
2020/8/13,0.043,1.756,0.2,1.9897,2
2020/8/14,0.051,1.845,0.103,1.5659,2
2020/8/16,0.07,0.842,0.087,0.8729,1
2020/8/17,0.058,0.87,0.072,0.8406,1
2020/8/18,0.197,1.545,0.258,0.2135,2
2020/8/19,0.043,0.889,0.067,0.9779,1
2020/8/20,0.202,4.355,0.443,4.8166,5
2020/8/21,0.036,0.851,0.113,0.9942,1
2020/8/24,0.045,0.874,0.081,0.9978,1
2020/8/27,0.109,2.724,0.167,2.742,3
2020/8/28,0.07,1.734,0.195,1.9879,2
2020/8/29,0.168,2.532,0.299,2.8152,3
2020/8/31,0.158,3.472,0.37,3.9344,4
2020/9/1,0.027,0.825,0.148,0.9983,1
2020/9/2,0.217,3.369,0.413,1.8655,4
2020/9/3,0.038,0.874,0.088,0.9941,1
2020/9/4,0.135,2.602,0.263,2.4823,3
2020/9/5,0.062,0.841,0.097,0.9988,1
2020/9/7,0.114,1.707,0.18,1.9554,2
2020/9/8,0.28,7.033,0.687,5.4083,8
2020/9/9,0.284,5.141,0.576,4.7341,6
2020/9/10,0.148,2.567,0.284,2.8226,3
2020/9/11,0.535,6.799,0.668,3.8052,8
2020/9/13,0.218,2.479,0.304,0.9973,3
2020/9/14,0.071,0.815,0.114,0.9081,1
2020/9/15,0.086,2.59,0.324,2.9556,3
2020/9/16,0.025,0.878,0.097,0.9985,1
2020/9/17,0.158,3.582,0.26,3.2093,4
2020/9/18,0.122,3.53,0.35,3.9027,4
2020/9/20,0.042,0.899,0.059,0.9751,1
2020/9/21,0.033,0.909,0.058,0.9633,1
2020/9/22,0.079,1.803,0.118,0.6404,2
2020/9/23,0.16,4.388,0.45,4.8696,5
2020/9/24,0.206,3.541,0.254,2.9794,4
2020/9/25,0.195,2.583,0.222,0.9939,3
2020/9/28,0.186,3.379,0.435,3.9554,4
2020/9/29,0.156,2.599,0.245,1.0586,3
2020/9/30,0.039,0.848,0.113,0.9977,1
2020/10/1,0.155,3.459,0.386,3.9752,4
2020/10/2,0.278,3.416,0.306,0.7407,4
2020/10/3,0.108,2.603,0.29,2.8853,3
2020/10/5,0.148,2.613,0.239,0.7472,3
2020/10/6,0.043,0.892,0.065,0.9592,1
2020/10/7,0.023,0.877,0.1,0.9962,1
2020/10/9,0.03,0.899,0.071,0.9865,1
2020/10/12,0.067,0.875,0.059,-0.9328,1
2020/10/13,0.024,0.888,0.088,0.9948,1
2020/10/14,0.039,0.893,0.067,0.9581,1
2020/10/15,0.034,0.847,0.119,0.999,1
2020/10/17,0.016,0.872,0.112,0.9987,1
2020/10/19,0.107,1.718,0.175,0.5017,2
2020/10/20,0.078,1.776,0.146,1.8316,2
2020/10/21,0.101,3.613,0.285,3.8381,4
2020/10/22,0.273,4.275,0.452,2.5658,5
2020/10/23,0.146,2.554,0.299,2.9645,3
2020/10/24,0.081,0.842,0.077,-0.7845,1
2020/10/26,0.035,0.908,0.057,0.9577,1
2020/10/27,0.184,2.601,0.214,0.9481,3
2020/10/28,0.03,0.858,0.111,0.9936,1
2020/10/29,0.115,1.677,0.208,1.8041,2
2020/10/30,0.087,0.828,0.085,-0.8219,1
2020/10/31,0.042,0.906,0.052,-0.318,1
2020/11/3,0.094,1.708,0.197,1.9865,2
2020/11/4,0.028,0.906,0.066,0.8617,1
2020/11/5,0.018,0.884,0.098,0.9856,1
2020/11/6,0.032,0.919,0.049,0.6369,1
2020/11/10,0.036,0.892,0.072,0.9889,1
2020/11/12,0.083,2.581,0.336,2.9782,3
2020/11/13,0.131,3.573,0.297,2.926,4
2020/11/14,0.121,1.702,0.177,1.5494,2
2020/11/17,0.215,7.048,0.737,7.8217,8
2020/11/18,0.019,0.922,0.059,0.9827,1
2020/11/19,0.042,0.902,0.056,0.9556,1
2020/11/20,0.214,5.223,0.562,5.9621,6
2020/11/21,0.053,0.839,0.109,0.9865,1
2020/11/22,0.08,1.756,0.164,1.9833,2
2020/11/23,0.133,3.442,0.425,1.9841,4
2020/11/24,0.031,0.909,0.06,0.9382,1
2020/11/25,0.058,0.851,0.09,0.997,1
2020/11/27,0.135,3.556,0.309,3.3809,4
2020/11/28,0.159,2.542,0.298,2.9834,3
2020/11/29,0.068,1.683,0.249,1.9962,2
2020/11/30,0.15,4.422,0.429,4.8242,5
2020/12/1,0.09,2.548,0.362,2.9306,3
2020/12/2,0.086,2.587,0.327,2.9932,3
2020/12/3,0.187,3.488,0.327,1.8466,4
2020/12/4,0.038,0.877,0.085,0.9928,1
2020/12/6,0.028,0.898,0.074,0.9827,1
2020/12/7,0.09,0.819,0.091,-0.8066,1
2020/12/8,0.19,7.056,0.755,7.8734,8
2020/12/9,0.192,4.313,0.495,4.9296,5
2020/12/10,0.225,4.329,0.445,4.9309,5
2020/12/11,0.054,1.778,0.169,1.9654,2
2020/12/12,0.159,4.382,0.459,4.8851,5
2020/12/13,0.033,0.865,0.103,0.9945,1
2020/12/14,0.05,0.905,0.045,-0.8767,1
2020/12/15,0.09,2.702,0.208,2.8025,3
2020/12/16,0.038,0.875,0.087,0.995,1
2020/12/17,0.173,4.333,0.494,4.2818,5
2020/12/18,0.201,5.331,0.467,5.579,6
2020/12/19,0.063,0.839,0.098,0.8176,1
2020/12/20,0.034,0.874,0.092,0.9966,1
2020/12/21,0.29,4.282,0.43,2.9552,5
2020/12/22,0.125,3.557,0.319,3.8467,4
2020/12/23,0.125,1.704,0.171,1.0428,2
2020/12/24,0.047,1.783,0.171,1.883,2
2020/12/25,0.026,0.903,0.07,0.9939,1
2020/12/26,0.028,0.872,0.099,0.9976,1
2020/12/27,0.102,1.735,0.163,1.7246,2
2020/12/30,0.045,0.81,0.144,0.999,1
2020/12/31,0.038,0.85,0.112,0.9951,1
2021/1/1,0.244,5.233,0.523,5.6183,6
2021/1/2,0.016,0.954,0.031,0.8499,1
2021/1/3,0.212,4.231,0.556,3.1214,5
2021/1/4,0.287,4.363,0.351,2.1177,5
2021/1/5,0.171,1.739,0.091,-0.0013,2
2021/1/6,0.151,2.531,0.319,2.8799,3
2021/1/7,0.159,4.41,0.43,4.723,5
2021/1/8,0.289,6.023,0.686,6.2558,7
2021/1/9,0.128,1.691,0.181,1.8454,2
2021/1/10,0.097,2.654,0.249,2.9875,3
2021/1/11,0.151,3.445,0.404,3.8729,4
2021/1/12,0.192,3.447,0.36,3.7703,4
2021/1/13,0.202,2.598,0.201,-0.5514,3
2021/1/14,0.215,4.372,0.414,1.9059,5
2021/1/15,0.257,5.249,0.495,5.6954,6
2021/1/16,0.04,0.858,0.102,0.9986,1
2021/1/17,0.05,0.866,0.084,0.9883,1
2021/1/18,0.011,0.946,0.043,0.9524,1
2021/1/19,0.219,5.343,0.437,5.4494,6
2021/1/20,0.038,0.767,0.195,0.9991,1
2021/1/21,0.03,2.734,0.236,2.9404,3
2021/1/22,0.206,5.247,0.547,5.8452,6
2021/1/23,0.027,1.837,0.136,1.9866,2
2021/1/24,0.083,1.683,0.234,1.9963,2
2021/1/25,0.119,4.494,0.386,4.8662,5
2021/1/26,0.088,3.503,0.409,3.9834,4
2021/1/27,0.278,5.185,0.536,4.1047,6
2021/1/28,0.367,7.745,0.89,8.5404,9
2021/1/29,0.155,3.559,0.285,3.7383,4
2021/1/30,0.206,1.565,0.23,0.8501,2
2021/1/31,0.078,1.721,0.2,1.9843,2
2021/2/1,0.145,2.566,0.289,2.948,3
2021/2/2,0.151,2.596,0.254,1.1164,3
2021/2/3,0.067,2.715,0.218,2.9547,3
2021/2/4,0.272,4.207,0.521,3.55,5
2021/2/5,0.355,7.785,0.86,8.8571,9
2021/2/6,0.049,0.866,0.084,0.9872,1
2021/2/7,0.027,0.911,0.062,0.9665,1
2021/2/8,0.2,4.241,0.559,3.3736,5
2021/2/9,0.201,3.41,0.388,3.1878,4
2021/2/10,0.103,3.559,0.338,3.9357,4
2021/2/11,0.202,4.306,0.491,1.423,5
2021/2/13,0.264,3.387,0.347,1.7618,4
2021/2/16,0.06,0.849,0.091,0.9387,1
2021/2/17,0.087,2.684,0.229,2.9518,3
2021/2/18,0.169,3.51,0.321,3.7646,4
2021/2/19,0.133,3.367,0.498,3.9808,4
2021/2/20,0.055,1.774,0.171,1.9798,2
2021/2/22,0.171,2.539,0.29,2.7111,3
2021/2/23,0.134,3.567,0.298,3.868,4
2021/2/24,0.194,5.178,0.629,5.872,6
2021/2/25,0.183,3.486,0.332,2.0271,4
2021/2/26,0.1,1.712,0.188,1.9784,2
2021/2/27,0.142,2.633,0.225,2.8201,3
2021/2/28,0.069,0.811,0.12,0.9927,1
2021/3/1,0.058,0.878,0.064,-0.296,1
2021/3/2,0.068,1.709,0.224,1.992,2
2021/3/4,0.308,6.022,0.672,6.8828,7
2021/3/5,0.084,1.754,0.162,1.8459,2
2021/3/7,0.038,0.887,0.074,0.9888,1
2021/3/8,0.084,2.634,0.281,2.973,3
2021/3/9,0.275,6.106,0.621,5.446,7
2021/3/10,0.27,5.242,0.489,4.027,6
2021/3/11,0.041,0.838,0.12,0.9973,1
2021/3/12,0.095,2.463,0.442,2.9424,3
2021/3/15,0.076,3.658,0.266,3.9204,4
2021/3/16,0.102,3.553,0.345,3.8382,4
2021/3/17,0.054,1.801,0.145,1.9736,2
2021/3/18,0.196,4.345,0.459,3.2149,5
2021/3/19,0.062,0.885,0.053,-0.91,1
2021/3/20,0.142,2.555,0.303,2.7483,3
2021/3/21,0.138,1.686,0.174,0.1287,2
2021/3/22,0.226,5.287,0.489,5.5246,6
2021/3/23,0.183,2.526,0.292,1.0024,3
2021/3/24,0.131,2.577,0.291,2.2604,3
2021/3/25,0.088,2.659,0.253,2.9487,3
2021/3/26,0.123,2.55,0.327,2.8708,3
2021/3/28,0.165,3.466,0.369,3.8456,4
2021/3/29,0.038,0.837,0.125,0.9977,1
2021/3/30,0.103,2.665,0.232,2.9144,3
2021/3/31,0.124,2.597,0.281,2.933,3
2021/4/1,0.122,3.518,0.36,3.9672,4
2021/4/2,0.082,2.772,0.146,2.8702,3
2021/4/3,0.027,0.877,0.095,0.9032,1
2021/4/4,0.088,2.746,0.166,2.9367,3
2021/4/5,0.08,2.591,0.33,2.9896,3
2021/4/6,0.155,3.391,0.453,3.9365,4
2021/4/9,0.161,2.591,0.249,1.1895,3
2021/4/12,0.096,1.775,0.129,0.2337,2
2021/4/13,0.113,2.664,0.222,1.8352,3
2021/4/14,0.019,0.906,0.075,0.9815,1
2021/4/15,0.07,2.711,0.219,2.9553,3
2021/4/16,0.195,4.326,0.479,4.9596,5
2021/4/17,0.042,0.869,0.089,0.9919,1
2021/4/19,0.255,4.282,0.461,3.6496,5
2021/4/20,0.297,4.361,0.341,0.3922,5
2021/4/21,0.077,0.856,0.067,-0.8474,1
2021/4/22,0.259,4.27,0.474,4.4005,5
2021/4/23,0.074,1.755,0.17,1.9967,2
2021/4/24,0.058,1.757,0.186,1.9761,2
2021/4/25,0.051,0.856,0.093,0.9963,1
2021/4/26,0.122,3.613,0.264,3.8702,4
2021/4/27,0.215,6.161,0.623,6.8017,7
2021/4/28,0.166,3.514,0.32,2.0396,4
2021/4/29,0.122,1.777,0.102,-0.0201,2
2021/4/30,0.053,1.739,0.208,1.9503,2
2021/5/2,0.123,2.443,0.435,2.992,3
2021/5/3,0.156,4.453,0.389,4.769,5
2021/5/4,0.19,4.358,0.453,4.869,5
2021/5/6,0.021,0.854,0.125,0.9959,1
2021/5/7,0.106,1.678,0.217,1.9954,2
2021/5/8,0.18,3.38,0.44,1.9788,4
2021/5/9,0.066,1.748,0.186,1.9902,2
2021/5/10,0.152,2.668,0.18,0.9797,3
2021/5/11,0.25,3.484,0.267,-0.0337,4
2021/5/12,0.402,6.945,0.651,3.7587,8
2021/5/13,0.264,4.309,0.427,2.8377,5
2021/5/14,0.254,5.239,0.508,4.4937,6
2021/5/16,0.088,1.735,0.176,1.9772,2
2021/5/17,0.057,1.759,0.184,1.9045,2
2021/5/18,0.051,0.867,0.083,0.9838,1
2021/5/19,0.142,2.619,0.24,1.0213,3
2021/5/20,0.442,7.76,0.798,8.1457,9
2021/5/21,0.226,4.335,0.439,2.9985,5
2021/5/22,0.072,2.657,0.272,2.998,3
2021/5/23,0.064,0.845,0.091,0.9862,1
2021/5/24,0.296,3.337,0.366,0.6279,4
2021/5/25,0.078,0.807,0.115,0.9903,1
2021/5/26,0.164,3.503,0.332,3.3503,4
2021/5/27,0.088,1.712,0.201,1.7858,2
2021/5/28,0.071,0.839,0.09,0.975,1
2021/6/1,0.046,1.809,0.145,1.9072,2
2021/6/2,0.286,6.119,0.593,4.902,7
2021/6/3,0.069,1.61,0.321,1.9972,2
2021/6/4,0.168,3.481,0.349,3.8424,4
2021/6/5,0.114,2.593,0.294,2.9964,3
2021/6/7,0.035,1.877,0.088,1.8216,2
2021/6/8,0.267,4.292,0.442,2.9435,5
2021/6/9,0.237,3.406,0.357,1.4297,4
2021/6/11,0.038,1.861,0.102,1.6198,2
2021/6/12,0.027,0.912,0.062,0.9952,1
2021/6/13,0.031,0.881,0.088,0.9992,1
2021/6/14,0.19,3.476,0.335,2.0083,4
2021/6/15,0.171,2.558,0.27,1.8299,3
2021/6/16,0.029,1.767,0.205,1.9754,2
2021/6/17,0.289,4.242,0.471,2.9465,5
2021/6/18,0.083,2.656,0.261,2.9712,3
2021/6/19,0.046,0.845,0.11,0.9979,1
2021/6/20,0.066,0.818,0.115,0.9887,1
2021/6/21,0.099,1.782,0.119,0.008,2
2021/6/24,0.054,2.716,0.23,2.9577,3
2021/6/25,0.052,2.721,0.227,2.951,3
2021/6/26,0.13,2.539,0.331,1.2335,3
2021/6/27,0.033,0.933,0.034,0.09,1
2021/6/28,0.162,4.402,0.436,4.741,5
2021/6/29,0.057,0.846,0.097,0.9629,1
2021/6/30,0.074,0.807,0.119,0.989,1
2021/7/1,0.037,0.88,0.083,0.9967,1
2021/7/2,0.228,4.38,0.391,2.9266,5
2021/7/3,0.046,0.809,0.145,0.9509,1
2021/7/5,0.023,0.909,0.068,0.993,1
2021/7/6,0.051,0.838,0.111,0.9964,1
2021/7/7,0.056,2.673,0.271,2.9403,3
2021/7/8,0.078,2.7,0.223,2.9801,3
2021/7/9,0.091,2.644,0.266,2.9729,3
2021/7/11,0.023,1.831,0.146,1.9843,2
2021/7/12,0.103,2.701,0.197,2.7024,3
2021/7/13,0.146,2.569,0.285,2.952,3
2021/7/14,0.07,1.713,0.218,1.9476,2
2021/7/15,0.026,0.866,0.108,0.9957,1
2021/7/16,0.09,1.761,0.149,0.7208,2
2021/7/17,0.106,1.74,0.154,1.6145,2
2021/7/19,0.14,2.599,0.261,2.9263,3
2021/7/22,0.078,3.557,0.366,3.9474,4
2021/7/23,0.137,4.472,0.39,4.9171,5
2021/7/24,0.165,3.486,0.348,2.0141,4
2021/7/25,0.053,1.793,0.154,1.9908,2
2021/7/26,0.157,4.488,0.354,4.8591,5
2021/7/27,0.195,4.253,0.555,4.9013,5
2021/7/28,0.155,2.677,0.168,0.2076,3
2021/7/29,0.095,2.647,0.258,2.9662,3
2021/7/30,0.169,2.599,0.231,1.0522,3
2021/7/31,0.021,0.869,0.11,0.9992,1
2021/8/1,0.031,0.896,0.073,0.9895,1
2021/8/2,0.105,1.659,0.236,1.9754,2
2021/8/3,0.153,3.539,0.309,2.0261,4
2021/8/4,0.021,0.928,0.051,0.9801,1
2021/8/5,0.134,3.545,0.321,3.931,4
2021/8/6,0.054,1.705,0.242,1.9968,2
2021/8/8,0.089,2.768,0.143,2.764,3
2021/8/9,0.136,2.618,0.246,1.6825,3
2021/8/10,0.141,2.63,0.228,2.7772,3
2021/8/11,0.043,0.818,0.139,0.999,1
2021/8/12,0.041,0.85,0.108,0.9955,1
2021/8/13,0.17,2.571,0.26,2.8449,3
2021/8/14,0.016,0.908,0.076,0.9849,1
2021/8/15,0.043,0.856,0.101,0.9966,1
2021/8/16,0.168,2.557,0.275,1.8901,3
2021/8/17,0.136,2.597,0.267,0.9952,3
2021/8/18,0.096,2.667,0.239,2.8431,3
2021/8/19,0.058,0.798,0.143,0.9969,1
2021/8/20,0.103,1.672,0.224,1.9911,2
2021/8/23,0.028,0.869,0.103,0.9778,1
2021/8/24,0.145,4.492,0.364,2.7962,5
2021/8/25,0.087,1.753,0.16,1.9879,2
2021/8/26,0.069,0.859,0.073,0.5864,1
2021/8/27,0.09,2.617,0.293,2.9881,3
2021/8/28,0.021,0.897,0.082,0.9932,1
2021/8/29,0.027,0.852,0.122,0.997,1
2021/8/30,0.022,0.873,0.106,0.9935,1
2021/8/31,0.136,1.706,0.158,1.8174,2
2021/9/1,0.059,1.762,0.18,1.9763,2
2021/9/2,0.091,2.683,0.227,2.8831,3
2021/9/3,0.075,0.827,0.098,0.9761,1
2021/9/4,0.025,0.861,0.114,0.9967,1
2021/9/5,0.038,0.873,0.088,0.998,1
2021/9/7,0.048,1.844,0.108,1.9363,2
2021/9/9,0.054,1.757,0.188,1.9932,2
2021/9/10,0.023,0.92,0.057,0.9797,1
2021/9/11,0.018,0.904,0.078,0.999,1
2021/9/12,0.042,0.917,0.042,0.0441,1
2021/9/13,0.186,3.448,0.366,3.807,4
2021/9/14,0.032,0.905,0.063,0.952,1
2021/9/16,0.071,0.795,0.134,0.9942,1
2021/9/17,0.142,1.674,0.184,0.1318,2
2021/9/19,0.031,0.853,0.116,0.9987,1
2021/9/20,0.087,0.865,0.048,-0.9904,1
2021/9/21,0.035,0.889,0.075,0.8674,1
2021/9/24,0.052,1.781,0.168,1.9844,2
2021/9/26,0.192,3.433,0.375,3.8553,4
2021/9/27,0.24,4.455,0.306,2.4041,5
2021/9/28,0.034,0.851,0.115,0.9982,1
2021/9/30,0.081,0.861,0.058,-0.885,1
2021/10/1,0.077,1.798,0.125,1.9405,2
2021/10/2,0.034,0.877,0.09,0.9874,1
2021/10/3,0.018,0.914,0.069,0.9934,1
2021/10/4,0.077,2.646,0.277,2.8652,3
2021/10/5,0.213,2.609,0.178,-0.7156,3
2021/10/6,0.058,1.745,0.197,1.9699,2
2021/10/7,0.132,3.541,0.327,3.9019,4
2021/10/8,0.331,5.122,0.546,3.9111,6
2021/10/9,0.031,0.843,0.126,0.9992,1
2021/10/10,0.063,0.788,0.149,0.9983,1
2021/10/11,0.066,0.867,0.067,-0.7479,1
2021/10/12,0.224,3.532,0.244,0.3001,4
2021/10/13,0.056,1.746,0.199,1.9438,2
2021/10/14,0.018,0.898,0.084,0.9974,1
2021/10/15,0.026,0.866,0.108,0.9898,1
2021/10/16,0.021,0.86,0.119,0.9997,1
2021/10/17,0.103,0.803,0.094,-0.8493,1
2021/10/18,0.095,1.753,0.152,0.0751,2
2021/10/20,0.136,3.495,0.369,3.9509,4
2021/10/21,0.222,2.543,0.234,-0.8748,3
2021/10/22,0.108,2.658,0.236,2.4717,3
2021/10/25,0.198,4.399,0.404,4.3337,5
2021/10/26,0.338,6.704,0.958,7.6116,8
2021/10/27,0.174,3.467,0.359,3.9393,4
2021/10/28,0.167,4.394,0.44,4.7663,5
2021/10/29,0.369,5.919,0.711,4.9645,7
2021/10/31,0.062,0.839,0.1,0.9865,1
2021/11/1,0.037,1.808,0.155,1.9671,2
2021/11/2,0.128,3.554,0.318,3.895,4
2021/11/3,0.261,7.086,0.654,7.1517,8
2021/11/4,0.497,8.686,0.818,4.2051,10
2021/11/5,0.065,1.73,0.204,1.9423,2
2021/11/6,0.065,2.702,0.232,2.982,3
2021/11/7,0.11,3.486,0.404,3.9889,4
2021/11/8,0.204,5.241,0.555,5.785,6
2021/11/9,0.382,7.646,0.973,8.8386,9
2021/11/10,0.188,5.329,0.484,4.5875,6
2021/11/11,0.266,7.607,1.126,8.8383,9
2021/11/12,0.186,6.295,0.519,6.0703,7
2021/11/13,0.018,0.897,0.085,0.9935,1
2021/11/14,0.08,0.809,0.111,0.85,1
2021/11/15,0.029,1.839,0.13,1.8716,2
2021/11/16,0.085,3.503,0.413,3.951,4
2021/11/17,0.134,4.461,0.405,4.7918,5
2021/11/18,0.097,2.697,0.205,2.7943,3
2021/11/19,0.036,0.899,0.065,0.9683,1
2021/11/20,0.043,0.893,0.064,0.8357,1
2021/11/22,0.225,3.501,0.275,0.0518,4
2021/11/23,0.058,0.842,0.1,0.9873,1
2021/11/24,0.091,1.712,0.197,1.908,2
2021/11/25,0.023,0.912,0.065,0.9783,1
2021/11/26,0.056,1.738,0.206,1.9969,2
2021/11/27,0.028,0.918,0.054,0.9246,1
2021/11/29,0.034,2.747,0.22,2.9552,3
2021/11/30,0.092,1.661,0.247,1.9941,2
2021/12/1,0.029,0.921,0.05,0.993,1
2021/12/2,0.032,0.874,0.094,0.9936,1
2021/12/3,0.179,3.452,0.37,3.0584,4
2021/12/5,0.009,0.925,0.066,0.9979,1
2021/12/6,0.2,3.526,0.275,1.2054,4
2021/12/7,0.237,7.085,0.678,7.6948,8
2021/12/8,0.047,0.863,0.09,0.9892,1
2021/12/9,0.151,2.524,0.325,2.954,3
2021/12/10,0.251,5.308,0.442,3.9182,6
2021/12/11,0.101,2.628,0.271,2.9921,3
2021/12/13,0.176,2.559,0.266,2.9458,3
2021/12/14,0.102,4.549,0.349,3.0278,5
2021/12/15,0.07,1.818,0.111,1.8018,2
2021/12/16,0.059,0.872,0.069,0.552,1
2021/12/17,0.01,0.907,0.083,0.9975,1
2021/12/18,0.064,0.859,0.077,0.9042,1
2021/12/20,0.345,5.125,0.529,1.9229,6
2021/12/21,0.118,2.644,0.24,2.8164,3
2021/12/22,0.186,4.449,0.365,3.4071,5
2021/12/23,0.122,2.576,0.302,2.5687,3
2021/12/24,0.059,0.819,0.122,0.886,1
2021/12/26,0.016,0.893,0.09,0.9967,1
2021/12/27,0.122,2.603,0.275,2.9853,3
2021/12/28,0.049,0.893,0.058,0.8331,1
2021/12/29,0.107,4.459,0.435,4.7528,5
2021/12/30,0.118,2.668,0.213,2.5365,3
2021/12/31,0.11,1.71,0.18,1.7006,2
2022/1/1,0.027,0.899,0.074,0.9829,1
2022/1/2,0.11,1.767,0.123,-0.0129,2
2022/1/3,0.218,7.154,0.628,5.7267,8
2022/1/4,0.268,5.278,0.452,3.5603,6
2022/1/5,0.02,1.891,0.089,1.9591,2
2022/1/6,0.448,6.868,0.684,5.8957,8
2022/1/7,0.093,1.663,0.244,1.994,2
2022/1/9,0.069,1.772,0.16,1.9882,2
2022/1/10,0.122,1.734,0.144,0.9311,2
2022/1/11,0.076,1.815,0.108,1.6364,2
2022/1/12,0.033,0.812,0.155,0.9995,1
2022/1/13,0.065,1.797,0.138,1.8474,2
2022/1/14,0.108,3.584,0.306,3.6056,4
2022/1/15,0.15,2.558,0.293,1.0421,3
2022/1/17,0.021,0.903,0.076,0.9953,1
2022/1/18,0.216,4.416,0.368,4.7448,5
2022/1/19,0.068,0.879,0.053,-0.9025,1
2022/1/21,0.044,0.882,0.074,0.9941,1
2022/1/22,0.007,0.921,0.072,0.9922,1
2022/1/23,0.066,0.785,0.148,0.999,1
2022/1/24,0.161,2.601,0.239,1.0361,3
2022/1/25,0.158,4.45,0.393,4.9143,5
2022/1/26,0.136,3.517,0.347,2.9234,4
2022/1/27,0.222,6.026,0.749,6.9235,7
2022/1/28,0.201,4.383,0.416,4.7562,5
2022/1/29,0.023,0.929,0.048,0.9595,1
2022/1/30,0.121,1.741,0.138,0.0896,2
2022/1/31,0.021,0.939,0.041,0.6858,1
2022/2/1,0.107,3.518,0.374,3.9182,4
2022/2/2,0.018,0.84,0.142,0.9963,1
2022/2/3,0.063,0.853,0.084,0.743,1
2022/2/4,0.294,4.16,0.547,4.9485,5
2022/2/5,0.143,3.572,0.284,3.877,4
2022/2/6,0.227,3.202,0.571,3.9893,4
2022/2/7,0.161,2.661,0.178,0.7234,3
2022/2/8,0.076,1.768,0.156,1.7627,2
2022/2/9,0.11,1.761,0.13,1.5683,2
2022/2/10,0.26,4.317,0.424,2.6986,5
2022/2/11,0.061,1.758,0.182,1.9703,2
2022/2/13,0.032,0.87,0.098,0.9906,1
2022/2/14,0.17,2.455,0.375,2.993,3
2022/2/15,0.135,3.468,0.398,3.4359,4
2022/2/17,0.186,3.498,0.315,1.2371,4
2022/2/18,0.106,0.723,0.171,0.9184,1
2022/2/19,0.197,1.613,0.19,-0.8867,2
2022/2/21,0.069,2.713,0.219,2.9787,3
2022/2/22,0.089,2.701,0.209,2.7556,3
2022/2/23,0.084,2.69,0.226,2.9351,3
2022/2/24,0.161,2.629,0.209,-0.8758,3
2022/2/26,0.143,2.644,0.212,1.0171,3
2022/2/28,0.026,0.896,0.078,0.9824,1
2022/3/1,0.145,2.583,0.272,1.0423,3
2022/3/2,0.03,1.771,0.199,1.9931,2
2022/3/3,0.201,2.595,0.204,-0.3633,3
2022/3/4,0.254,4.301,0.444,2.7433,5
2022/3/5,0.057,0.84,0.103,0.9963,1
2022/3/9,0.217,3.413,0.37,1.682,4
2022/3/10,0.057,3.605,0.337,3.97,4
2022/3/11,0.071,1.768,0.16,1.9327,2
2022/3/12,0.129,2.637,0.234,1.0383,3
2022/3/13,0.066,0.863,0.071,0.4993,1
2022/3/14,0.156,1.704,0.14,-1.6356,2
2022/3/15,0.035,0.88,0.084,0.9902,1
2022/3/16,0.085,0.8,0.115,0.9815,1
2022/3/18,0.183,1.7,0.116,-0.2814,2
2022/3/19,0.039,0.925,0.036,-0.4724,1
2022/3/20,0.082,1.7,0.218,1.9934,2
2022/3/22,0.216,4.393,0.39,4.7141,5
2022/3/23,0.168,2.635,0.198,0.457,3
2022/3/24,0.026,0.898,0.076,0.9648,1
2022/3/25,0.037,0.869,0.094,0.9979,1
2022/3/27,0.078,0.838,0.084,0.5803,1
2022/3/28,0.444,6.049,0.507,-0.875,7
2022/3/29,0.222,4.269,0.507,2.025,5
2022/3/30,0.148,1.71,0.141,-0.0051,2
2022/3/31,0.252,4.255,0.495,2.2773,5
2022/4/1,0.073,0.885,0.042,-0.9721,1
2022/4/2,0.055,0.912,0.033,-0.9136,1
2022/4/4,0.443,7.772,0.786,2.7215,9
2022/4/5,0.326,6.056,0.616,6.6912,7
2022/4/6,0.326,5.066,0.607,4.2042,6
2022/4/7,0.357,4.252,0.392,0.9698,5
2022/4/8,0.213,5.354,0.435,3.6309,6
2022/4/10,0.05,0.833,0.118,0.9987,1
2022/4/11,0.318,7.15,0.532,5.2675,8
2022/4/12,0.296,3.417,0.287,1.692,4
2022/4/13,0.052,0.901,0.047,-0.7235,1
2022/4/14,0.388,5.162,0.451,1.9223,6
2022/4/15,0.257,3.419,0.325,1.7261,4
2022/4/16,0.122,3.594,0.285,3.5078,4
2022/4/17,0.135,2.596,0.27,2.9647,3
2022/4/18,0.336,5.279,0.384,1.8648,6
2022/4/19,0.107,1.656,0.237,1.9772,2
2022/4/20,0.141,3.572,0.287,3.8643,4
2022/4/21,0.382,6.002,0.615,3.3202,7
2022/4/22,0.224,4.29,0.486,3.2275,5
2022/4/23,0.055,0.809,0.136,0.9981,1
2022/4/25,0.205,6.276,0.518,6.7678,7
2022/4/26,0.531,8.616,0.852,7.7439,10
2022/4/27,0.408,7.71,0.88,7.9522,9
2022/4/28,0.38,7.039,0.581,5.9546,8
2022/4/29,0.333,5.969,0.697,5.6937,7
2022/4/30,0.041,0.864,0.094,0.9896,1
2022/5/1,0.12,0.795,0.085,-0.9832,1
2022/5/3,0.123,2.678,0.199,2.6922,3
2022/5/4,0.409,4.244,0.346,0.9796,5
2022/5/5,0.028,2.647,0.324,2.9852,3
2022/5/6,0.178,3.401,0.42,2.1238,4
2022/5/7,0.079,0.898,0.022,-0.9745,1
2022/5/9,0.158,2.548,0.293,1.3047,3
2022/5/10,0.284,5.247,0.469,2.0122,6
2022/5/11,0.289,3.281,0.429,1.9585,4
2022/5/12,0.109,1.742,0.148,0.0105,2
2022/5/13,0.37,6.078,0.553,2.9958,7
2022/5/14,0.14,1.679,0.181,1.9409,2
2022/5/15,0.238,3.446,0.318,1.9479,4
2022/5/16,0.089,1.801,0.11,1.638,2
2022/5/17,0.141,2.572,0.287,2.792,3
2022/5/18,0.329,5.201,0.468,3.7513,6
2022/5/19,0.468,4.179,0.353,-0.9511,5
2022/5/20,0.035,0.834,0.131,0.9961,1
2022/5/21,0.092,1.758,0.149,0.2161,2
2022/5/23,0.062,0.878,0.06,-0.6724,1
2022/5/24,0.129,2.615,0.258,2.6545,3
2022/5/25,0.273,4.301,0.427,2.7564,5
2022/5/26,0.191,3.36,0.448,3.9468,4
2022/5/27,0.115,2.664,0.221,2.8021,3
2022/5/28,0.04,0.897,0.063,0.9716,1
2022/5/30,0.039,0.865,0.096,0.994,1
2022/6/6,0.088,3.517,0.395,3.9293,4
2022/6/7,0.113,2.694,0.193,1.8781,3
2022/6/8,0.079,1.752,0.168,1.971,2
2022/6/9,0.275,6.187,0.538,4.9225,7
2022/6/10,0.181,2.547,0.273,1.2448,3
2022/6/11,0.016,0.883,0.101,0.8834,1
2022/6/13,0.084,2.637,0.279,2.9289,3
2022/6/14,0.09,1.77,0.14,1.9541,2
2022/6/15,0.25,5.24,0.513,3.8822,6
2022/6/16,0.154,3.57,0.278,2.5181,4
2022/6/17,0.193,2.624,0.183,-0.8867,3
2022/6/18,0.036,0.884,0.081,0.9985,1
2022/6/19,0.165,1.666,0.168,-0.1345,2
2022/6/20,0.031,0.894,0.075,0.9988,1
2022/6/21,0.132,2.627,0.24,1.0103,3
2022/6/22,0.228,3.441,0.329,0.1642,4
2022/6/23,0.237,3.477,0.287,1.3503,4
2022/6/25,0.032,0.911,0.058,0.9871,1
2022/6/26,0.031,0.875,0.094,0.9977,1
2022/6/27,0.009,0.928,0.063,0.9842,1
2022/6/28,0.114,2.713,0.174,0.829,3
2022/6/29,0.183,3.495,0.322,3.1265,4
2022/6/30,0.218,6.214,0.568,5.4466,7
2022/7/2,0.051,0.885,0.064,0.5913,1
2022/7/4,0.192,2.649,0.16,-1.0229,3
2022/7/5,0.274,3.427,0.298,0.0787,4
2022/7/6,0.117,2.581,0.3,2.9748,3
2022/7/7,0.141,2.678,0.18,0.9174,3
2022/7/8,0.175,4.417,0.408,4.8687,5
2022/7/9,0.297,3.334,0.37,3.7271,4
2022/7/10,0.239,2.449,0.309,1.0253,3
2022/7/11,0.386,5.146,0.467,2.3713,6
2022/7/12,0.335,4.332,0.333,0.2202,5
2022/7/13,0.176,2.535,0.289,1.1929,3
2022/7/14,0.188,5.365,0.447,4.1539,6
2022/7/15,0.263,3.434,0.301,0.6675,4
2022/7/16,0.026,0.855,0.119,0.9997,1
2022/7/17,0.236,2.457,0.307,2.9011,3
2022/7/18,0.033,0.851,0.116,0.9939,1
2022/7/19,0.097,0.843,0.06,-0.9785,1
2022/7/20,0.26,3.381,0.36,1.0906,4
2022/7/21,0.388,7.018,0.594,4.6142,8
2022/7/22,0.335,4.21,0.455,2.7564,5
2022/7/23,0.135,1.71,0.156,0.8902,2
2022/7/24,0.149,2.576,0.274,2.2409,3
2022/7/25,0.225,5.353,0.422,3.5833,6
2022/7/26,0.125,2.605,0.27,2.9597,3
2022/7/28,0.288,5.162,0.549,5.8445,6
2022/7/29,0.18,2.568,0.253,1.0657,3
2022/7/30,0.1,2.587,0.313,2.9061,3
2022/7/31,0.031,0.878,0.091,0.9917,1
2022/8/1,0.158,2.648,0.194,0.9047,3
2022/8/2,0.129,2.532,0.339,2.93,3
2022/8/3,0.162,2.616,0.222,2.6763,3
2022/8/4,0.018,0.933,0.049,0.9871,1
2022/8/5,0.264,6.285,0.451,4.9804,7
2022/8/6,0.287,5.231,0.483,5.6769,6
2022/8/8,0.141,2.633,0.226,0.4738,3
2022/8/9,0.014,0.919,0.067,0.9895,1
2022/8/10,0.152,2.61,0.239,2.1714,3
2022/8/12,0.1,1.699,0.2,1.9549,2
2022/8/13,0.025,0.898,0.076,0.9987,1
2022/8/14,0.063,0.823,0.114,0.9944,1
2022/8/17,0.048,0.863,0.089,0.9861,1
2022/8/18,0.029,0.899,0.072,0.9648,1
2022/8/19,0.263,4.303,0.435,2.9858,5
2022/8/21,0.112,1.779,0.109,-0.0129,2
2022/8/22,0.259,4.321,0.421,2.6229,5
2022/8/23,0.17,1.697,0.133,-1.8485,2
2022/8/24,0.289,3.345,0.366,1.9374,4
2022/8/25,0.145,3.51,0.347,2.0935,4
2022/8/26,0.035,1.783,0.181,1.9863,2
2022/8/29,0.234,2.425,0.341,0.9932,3
2022/8/30,0.308,4.171,0.521,2.8919,5
2022/8/31,0.144,2.54,0.317,2.849,3
2022/9/1,0.183,3.565,0.251,1.7234,4
2022/9/2,0.016,0.941,0.042,0.9161,1
2022/9/3,0.078,0.837,0.085,0.1531,1
2022/9/6,0.07,0.875,0.055,-0.9633,1
2022/9/7,0.173,2.58,0.247,0.9954,3
2022/9/8,0.24,2.488,0.271,0.9343,3
2022/9/9,0.085,2.649,0.266,2.9828,3
2022/9/10,0.095,1.712,0.193,1.8566,2
2022/9/12,0.064,0.811,0.125,0.9961,1
2022/9/13,0.08,3.674,0.246,3.8317,4
2022/9/14,0.136,4.397,0.467,4.8014,5
2022/9/16,0.04,0.794,0.166,0.9976,1
2022/9/17,0.053,0.871,0.076,0.9964,1
2022/9/18,0.074,1.725,0.2,1.9938,2
2022/9/19,0.055,0.859,0.085,0.9891,1
2022/9/20,0.024,0.923,0.054,0.9633,1
2022/9/21,0.239,2.548,0.213,0.9703,3
2022/9/22,0.065,1.765,0.17,1.8465,2
2022/9/23,0.12,0.823,0.057,-0.9786,1
2022/9/25,0.049,0.868,0.083,0.9923,1
2022/9/27,0.124,1.76,0.116,-0.8415,2
2022/9/28,0.137,2.564,0.298,2.9734,3
2022/9/29,0.096,1.699,0.205,1.9871,2
2022/9/30,0.093,1.753,0.154,1.9409,2
2022/10/1,0.105,2.67,0.225,2.9678,3
2022/10/2,0.023,0.919,0.058,0.9677,1
2022/10/3,0.36,4.172,0.466,2.8521,5
2022/10/4,0.234,4.406,0.361,4.5994,5
2022/10/5,0.087,2.704,0.208,2.8954,3
2022/10/6,0.093,1.778,0.13,0.0793,2
2022/10/7,0.256,3.44,0.304,-0.0872,4
2022/10/8,0.067,1.762,0.172,1.9569,2
2022/10/9,0.023,0.905,0.073,0.9929,1
2022/10/10,0.197,3.544,0.259,2.5158,4
2022/10/11,0.078,1.731,0.191,1.1718,2
2022/10/12,0.102,3.522,0.376,3.5703,4
2022/10/13,0.183,1.581,0.236,1.798,2
2022/10/14,0.081,0.869,0.05,-0.9769,1
2022/10/15,0.064,1.811,0.124,1.9666,2
2022/10/16,0.451,3.261,0.288,-3.9195,4
2022/10/17,0.155,2.558,0.288,1.0252,3
2022/10/18,0,0.992,0.008,0.3818,1
2022/10/19,0.074,1.714,0.212,1.9886,2
2022/10/20,0.404,6,0.595,4.3327,7
2022/10/21,0.166,2.57,0.263,2.7442,3
2022/10/22,0.034,0.87,0.095,0.997,1
2022/10/23,0.097,1.715,0.188,1.9631,2
2022/10/24,0.187,3.51,0.304,2.1027,4
2022/10/25,0.04,0.862,0.098,0.9953,1
2022/10/26,0.205,2.668,0.128,-2.5395,3
2022/10/27,0.114,1.635,0.25,1.9474,2
2022/10/28,0.726,10.225,1.048,5.7362,12
2022/10/29,0.072,0.83,0.099,0.9889,1
2022/10/30,0.095,1.735,0.17,1.9661,2
2022/10/31,0.081,2.655,0.264,2.9051,3
2022/11/1,0.143,3.611,0.246,3.5896,4
2022/11/2,0.077,1.74,0.183,1.9657,2
2022/11/3,0.456,5.991,0.552,1.2295,7
2022/11/4,0.163,1.696,0.142,-0.0895,2
2022/11/5,0.157,2.666,0.178,-0.9749,3
2022/11/6,0.144,1.723,0.133,-0.0042,2
2022/11/7,0.097,1.695,0.208,1.9878,2
2022/11/8,0.195,3.549,0.256,1.6608,4
2022/11/9,0.153,2.633,0.214,1.6674,3
2022/11/10,0.063,0.82,0.117,0.9959,1
2022/11/11,0.437,6.016,0.546,1.1467,7
2022/11/12,0.108,2.674,0.219,2.9498,3
2022/11/13,0.121,2.624,0.254,1.1643,3
2022/11/14,0.18,3.466,0.352,3.8127,4
2022/11/15,0.018,0.899,0.084,0.9954,1
2022/11/16,0.166,4.428,0.404,4.9016,5
2022/11/17,0.208,5.184,0.608,5.8934,6
2022/11/18,0.175,4.333,0.494,4.8244,5
2022/11/19,0.08,0.832,0.088,0.932,1
2022/11/21,0.24,4.219,0.541,4.9637,5
2022/11/22,0.177,1.595,0.228,1.9615,2
2022/11/23,0.104,1.728,0.167,1.1121,2
2022/11/24,0.083,1.704,0.213,1.9945,2
2022/11/25,0.056,0.9,0.044,0.1406,1
2022/11/27,0.173,2.526,0.301,2.9582,3
2022/11/28,0.26,2.488,0.251,-0.8282,3
2022/11/29,0.35,4.195,0.455,2.4318,5
2022/11/30,0.185,1.686,0.128,-0.0889,2
2022/12/1,0.08,1.792,0.128,0.1659,2
2022/12/2,0.028,1.879,0.092,1.9096,2
2022/12/4,0.038,0.901,0.061,0.9782,1
2022/12/5,0.154,1.631,0.214,1.8725,2
2022/12/6,0.029,0.894,0.078,0.9922,1
2022/12/8,0.241,3.423,0.334,3.8831,4
2022/12/9,0.303,4.124,0.571,4.8505,5
2022/12/11,0.346,5.074,0.58,2.1258,6
2022/12/12,0.289,3.301,0.41,2.8911,4
2022/12/14,0.15,1.682,0.168,-0.0091,2
2022/12/15,0.105,1.655,0.239,1.8861,2
2022/12/16,0.181,2.599,0.22,0.5397,3
2022/12/17,0.105,2.711,0.184,2.3398,3
2022/12/18,0.071,1.722,0.208,1.9823,2
2022/12/19,0.142,2.589,0.268,1.2163,3
2022/12/20,0.237,3.508,0.256,1.424,4
2022/12/21,0.116,2.659,0.226,2.6388,3
2022/12/22,0.187,1.665,0.147,-0.9923,2
2022/12/23,0.264,5.24,0.496,5.7588,6
2022/12/24,0.292,4.16,0.548,3.0763,5
2022/12/25,0.104,1.788,0.107,0.1623,2
2022/12/26,0.066,0.878,0.056,-0.7196,1
2022/12/27,0.138,2.492,0.371,2.9479,3
2022/12/28,0.207,4.458,0.337,3.3137,5
2022/12/29,0.312,3.219,0.469,3.7158,4
2022/12/30,0.289,3.27,0.442,1.5146,4
2022/12/31,0.136,1.73,0.134,0.0189,2
2023/1/1,0.055,0.875,0.07,0.9794,1